{
  "random": {
    "cumulative_return": 0.18675238138125003,
    "sharpe_ratio": 0.9769842710271492,
    "max_drawdown": -0.13344578384228453,
    "win_rate": 0.5218253968253969,
    "final_value": 1186752.38138125,
    "n_steps": 252.0
  },
  "buy_and_hold": {
    "cumulative_return": 0.3336883,
    "sharpe_ratio": 2.25201293904259,
    "max_drawdown": -0.09379497964771555,
    "win_rate": 0.6079365079365079,
    "final_value": 1333688.3,
    "n_steps": 252.0
  },
  "equal_weight_rebalance": {
    "cumulative_return": 0.31723836250000004,
    "sharpe_ratio": 2.1717371707526607,
    "max_drawdown": -0.09349194466210986,
    "win_rate": 0.6075396825396826,
    "final_value": 1317238.3625,
    "n_steps": 252.0
  }
}