{
  "alphaportfolio_coord": {
    "cumulative_return": 0.5941452125,
    "sharpe_ratio": 2.226363819593696,
    "max_drawdown": -0.10541801353729008,
    "win_rate": 0.5789682539682539,
    "final_value": 1594145.2125,
    "n_steps": 252.0
  },
  "random": {
    "cumulative_return": 0.24934523209765622,
    "sharpe_ratio": 1.2782943442359354,
    "max_drawdown": -0.1273443535206051,
    "win_rate": 0.5285714285714286,
    "final_value": 1249345.2320976562,
    "n_steps": 252.0
  },
  "buy_and_hold": {
    "cumulative_return": 0.33281106250000003,
    "sharpe_ratio": 2.269322738324358,
    "max_drawdown": -0.09174901178186316,
    "win_rate": 0.6063492063492063,
    "final_value": 1332811.0625,
    "n_steps": 252.0
  },
  "equal_weight_rebalance": {
    "cumulative_return": 0.32737015,
    "sharpe_ratio": 2.229184407916232,
    "max_drawdown": -0.09411062888254167,
    "win_rate": 0.6123015873015873,
    "final_value": 1327370.15,
    "n_steps": 252.0
  }
}