{
  "alphaportfolio_ucb": {
    "cumulative_return": 0.3449766125,
    "sharpe_ratio": 1.7252556140308333,
    "max_drawdown": -0.12478684033883262,
    "win_rate": 0.5611111111111111,
    "final_value": 1344976.6125,
    "n_steps": 252.0
  },
  "random": {
    "cumulative_return": 0.11406675069999998,
    "sharpe_ratio": 0.712097766777674,
    "max_drawdown": -0.127330994158286,
    "win_rate": 0.5265873015873017,
    "final_value": 1114066.7507,
    "n_steps": 252.0
  },
  "buy_and_hold": {
    "cumulative_return": 0.3328110125,
    "sharpe_ratio": 2.269323696789532,
    "max_drawdown": -0.0917489668473219,
    "win_rate": 0.6063492063492063,
    "final_value": 1332811.0125,
    "n_steps": 252.0
  },
  "equal_weight_rebalance": {
    "cumulative_return": 0.32737016249999995,
    "sharpe_ratio": 2.2291855910510305,
    "max_drawdown": -0.09411061151092066,
    "win_rate": 0.6123015873015873,
    "final_value": 1327370.1625,
    "n_steps": 252.0
  }
}