{
  "random": {
    "cumulative_return": 0.08852931682500004,
    "sharpe_ratio": 0.5286293919136289,
    "max_drawdown": -0.15889541977930205,
    "win_rate": 0.5107142857142857,
    "final_value": 1088529.316825,
    "n_steps": 252.0
  },
  "buy_and_hold": {
    "cumulative_return": 0.333688275,
    "sharpe_ratio": 2.2520109248537827,
    "max_drawdown": -0.0937949889122704,
    "win_rate": 0.6079365079365079,
    "final_value": 1333688.275,
    "n_steps": 252.0
  },
  "equal_weight_rebalance": {
    "cumulative_return": 0.3172382875,
    "sharpe_ratio": 2.1717355690009823,
    "max_drawdown": -0.0934919597167648,
    "win_rate": 0.6075396825396826,
    "final_value": 1317238.2875,
    "n_steps": 252.0
  }
}