{
  "alphaportfolio_dqn": {
    "cumulative_return": 0.7369926,
    "sharpe_ratio": 2.935243789411274,
    "max_drawdown": -0.11536467717633492,
    "win_rate": 0.6023809523809524,
    "final_value": 1736992.6,
    "n_steps": 252.0
  },
  "random": {
    "cumulative_return": 0.13363450941875002,
    "sharpe_ratio": 0.7802643155263174,
    "max_drawdown": -0.11860496286326198,
    "win_rate": 0.5369047619047619,
    "final_value": 1133634.50941875,
    "n_steps": 252.0
  },
  "buy_and_hold": {
    "cumulative_return": 0.332811025,
    "sharpe_ratio": 2.269322123198046,
    "max_drawdown": -0.09174905304640413,
    "win_rate": 0.6063492063492063,
    "final_value": 1332811.025,
    "n_steps": 252.0
  },
  "equal_weight_rebalance": {
    "cumulative_return": 0.3273701375,
    "sharpe_ratio": 2.22918314584044,
    "max_drawdown": -0.09411064720434745,
    "win_rate": 0.6123015873015873,
    "final_value": 1327370.1375,
    "n_steps": 252.0
  }
}